Size,predictions
1100,211584.15841584158
1700,311683.16831683164
2100,378415.84158415836
